,Concepción Vega,123 calle falsa,stgo,rm,123,visa,1234,11,2017,nombre
,Bartolomé Rodríguez,123 calle falsa,stgo,rm,123,visa,1234,11,2017,nombre
,Salomé Marín,123 calle falsa,stgo,rm,123,visa,1234,11,2017,nombre
,Jesús Marín,123 calle falsa,stgo,rm,123,visa,1234,11,2017,nombre
,Salvio Delgado,123 calle falsa,stgo,rm,123,visa,1234,11,2017,nombre
,Cristian Montoro,123 calle falsa,stgo,rm,123,visa,1234,11,2017,nombre
,Elena Hidalgo,123 calle falsa,stgo,rm,123,visa,1234,11,2017,nombre
,Antonia Fernández,123 calle falsa,stgo,rm,123,visa,1234,11,2017,nombre
,Fabio Gil,123 calle falsa,stgo,rm,123,visa,1234,11,2017,nombre
,Narciso Cruz,123 calle falsa,stgo,rm,123,visa,1234,11,2017,nombre
,Cosme Hernández,123 calle falsa,stgo,rm,123,visa,1234,11,2017,nombre
,Adelaida Alonso,123 calle falsa,stgo,rm,123,visa,1234,11,2017,nombre
,Teófila Soler,123 calle falsa,stgo,rm,123,visa,1234,11,2017,nombre
,Victorino Serrano,123 calle falsa,stgo,rm,123,visa,1234,11,2017,nombre
,Nicolás Blesa,123 calle falsa,stgo,rm,123,visa,1234,11,2017,nombre
,Efrén Jiménez,123 calle falsa,stgo,rm,123,visa,1234,11,2017,nombre
,Fulgencio Guerrero,123 calle falsa,stgo,rm,123,visa,1234,11,2017,nombre
,Honorio Ibáñez,123 calle falsa,stgo,rm,123,visa,1234,11,2017,nombre
,Lino Flores,123 calle falsa,stgo,rm,123,visa,1234,11,2017,nombre
,Oscar Cambil,123 calle falsa,stgo,rm,123,visa,1234,11,2017,nombre
,Áurea Herrera,123 calle falsa,stgo,rm,123,visa,1234,11,2017,nombre
,Roque Carrasco,123 calle falsa,stgo,rm,123,visa,1234,11,2017,nombre
,Fernando Durán,123 calle falsa,stgo,rm,123,visa,1234,11,2017,nombre
,Cecilia Romero,123 calle falsa,stgo,rm,123,visa,1234,11,2017,nombre
,Rubén Castro,123 calle falsa,stgo,rm,123,visa,1234,11,2017,nombre
,Edmundo Molina,123 calle falsa,stgo,rm,123,visa,1234,11,2017,nombre
,Claudio Fuentes,123 calle falsa,stgo,rm,123,visa,1234,11,2017,nombre
,Artemio Montero,123 calle falsa,stgo,rm,123,visa,1234,11,2017,nombre
,Bernardo Castillo,123 calle falsa,stgo,rm,123,visa,1234,11,2017,nombre
,Dorotea Vega,123 calle falsa,stgo,rm,123,visa,1234,11,2017,nombre
,Primo Pascual,123 calle falsa,stgo,rm,123,visa,1234,11,2017,nombre
,Macario Cruz,123 calle falsa,stgo,rm,123,visa,1234,11,2017,nombre
,Segismundo Muñoz,123 calle falsa,stgo,rm,123,visa,1234,11,2017,nombre
,Cecilia Cambil,123 calle falsa,stgo,rm,123,visa,1234,11,2017,nombre
,Amaro Nieto,123 calle falsa,stgo,rm,123,visa,1234,11,2017,nombre
,Ariadna Ruiz,123 calle falsa,stgo,rm,123,visa,1234,11,2017,nombre
,Elena Sáez,123 calle falsa,stgo,rm,123,visa,1234,11,2017,nombre
,Siro Santana,123 calle falsa,stgo,rm,123,visa,1234,11,2017,nombre
,Salomé Nieto,123 calle falsa,stgo,rm,123,visa,1234,11,2017,nombre
,Gisela Nieto,123 calle falsa,stgo,rm,123,visa,1234,11,2017,nombre
,Cirilo Herrera,123 calle falsa,stgo,rm,123,visa,1234,11,2017,nombre
,Valeriano Peña,123 calle falsa,stgo,rm,123,visa,1234,11,2017,nombre
,Alonso Morales,123 calle falsa,stgo,rm,123,visa,1234,11,2017,nombre
,Valentín Díaz,123 calle falsa,stgo,rm,123,visa,1234,11,2017,nombre
,Siro Fernández,123 calle falsa,stgo,rm,123,visa,1234,11,2017,nombre
,Eva Méndez,123 calle falsa,stgo,rm,123,visa,1234,11,2017,nombre
,Albert Blesa,123 calle falsa,stgo,rm,123,visa,1234,11,2017,nombre
,Jacob Díez,123 calle falsa,stgo,rm,123,visa,1234,11,2017,nombre
,Miqueas Reyes,123 calle falsa,stgo,rm,123,visa,1234,11,2017,nombre
,Liduvina Martín,123 calle falsa,stgo,rm,123,visa,1234,11,2017,nombre
,Tobías Cruz,123 calle falsa,stgo,rm,123,visa,1234,11,2017,nombre
,Eugenio Núñez,123 calle falsa,stgo,rm,123,visa,1234,11,2017,nombre
,Silvia Delgado,123 calle falsa,stgo,rm,123,visa,1234,11,2017,nombre
,Zaqueo Hidalgo,123 calle falsa,stgo,rm,123,visa,1234,11,2017,nombre
,Constantino Herrero,123 calle falsa,stgo,rm,123,visa,1234,11,2017,nombre
,Borja Rubio,123 calle falsa,stgo,rm,123,visa,1234,11,2017,nombre
,Andrés Blanco,123 calle falsa,stgo,rm,123,visa,1234,11,2017,nombre
,Adelaida Vicente,123 calle falsa,stgo,rm,123,visa,1234,11,2017,nombre
,Cristóbal Hernández,123 calle falsa,stgo,rm,123,visa,1234,11,2017,nombre
,Efrén Montoro,123 calle falsa,stgo,rm,123,visa,1234,11,2017,nombre
,Salvador Pascual,123 calle falsa,stgo,rm,123,visa,1234,11,2017,nombre
,Isaac Ferrer,123 calle falsa,stgo,rm,123,visa,1234,11,2017,nombre
,Carolina Mora,123 calle falsa,stgo,rm,123,visa,1234,11,2017,nombre
,Emilia Mora,123 calle falsa,stgo,rm,123,visa,1234,11,2017,nombre
,Benjamín Gallardo,123 calle falsa,stgo,rm,123,visa,1234,11,2017,nombre
,Enrique Méndez,123 calle falsa,stgo,rm,123,visa,1234,11,2017,nombre
,Gloria Díez,123 calle falsa,stgo,rm,123,visa,1234,11,2017,nombre
,Nieves Gil,123 calle falsa,stgo,rm,123,visa,1234,11,2017,nombre
,Adón Navarro,123 calle falsa,stgo,rm,123,visa,1234,11,2017,nombre
,Adalberto Álvarez,123 calle falsa,stgo,rm,123,visa,1234,11,2017,nombre
,Elvira Hernández,123 calle falsa,stgo,rm,123,visa,1234,11,2017,nombre
,Antero Gutiérrez,123 calle falsa,stgo,rm,123,visa,1234,11,2017,nombre
,Josep Díez,123 calle falsa,stgo,rm,123,visa,1234,11,2017,nombre
,Rufo Díez,123 calle falsa,stgo,rm,123,visa,1234,11,2017,nombre
,Lorena Martín,123 calle falsa,stgo,rm,123,visa,1234,11,2017,nombre
,Josué Mora,123 calle falsa,stgo,rm,123,visa,1234,11,2017,nombre
,Ladislao Torres,123 calle falsa,stgo,rm,123,visa,1234,11,2017,nombre
,Basileo Santana,123 calle falsa,stgo,rm,123,visa,1234,11,2017,nombre
,Adrián Montero,123 calle falsa,stgo,rm,123,visa,1234,11,2017,nombre
,Facundo Díaz,123 calle falsa,stgo,rm,123,visa,1234,11,2017,nombre
,Eduvigis Pascual,123 calle falsa,stgo,rm,123,visa,1234,11,2017,nombre
,Alfredo Cambil,123 calle falsa,stgo,rm,123,visa,1234,11,2017,nombre
,Roque Hernández,123 calle falsa,stgo,rm,123,visa,1234,11,2017,nombre
,Áurea Carmona,123 calle falsa,stgo,rm,123,visa,1234,11,2017,nombre
,Sergio Serrano,123 calle falsa,stgo,rm,123,visa,1234,11,2017,nombre
,Salomón Márquez,123 calle falsa,stgo,rm,123,visa,1234,11,2017,nombre
,Amparo Gallego,123 calle falsa,stgo,rm,123,visa,1234,11,2017,nombre
,Rigoberto Medina,123 calle falsa,stgo,rm,123,visa,1234,11,2017,nombre
,Atanasio Ramos,123 calle falsa,stgo,rm,123,visa,1234,11,2017,nombre
,Héctor Soto,123 calle falsa,stgo,rm,123,visa,1234,11,2017,nombre
,Rigoberto Vázquez,123 calle falsa,stgo,rm,123,visa,1234,11,2017,nombre
,Aurora Nieto,123 calle falsa,stgo,rm,123,visa,1234,11,2017,nombre
,Cipriano Martínez,123 calle falsa,stgo,rm,123,visa,1234,11,2017,nombre
,Guido Díez,123 calle falsa,stgo,rm,123,visa,1234,11,2017,nombre
,Norberto Navarro,123 calle falsa,stgo,rm,123,visa,1234,11,2017,nombre
,Tomás Navarro,123 calle falsa,stgo,rm,123,visa,1234,11,2017,nombre
,Clara Campos,123 calle falsa,stgo,rm,123,visa,1234,11,2017,nombre
,Bonifacio Montoro,123 calle falsa,stgo,rm,123,visa,1234,11,2017,nombre
,Adalberto Medina,123 calle falsa,stgo,rm,123,visa,1234,11,2017,nombre
,Benigno Gil,123 calle falsa,stgo,rm,123,visa,1234,11,2017,nombre